0	0.0797	0	0
0.01	0.0997	0	0.0021
0.02	0.1197	0.0001	0.0066
0.03	0.1397	0.0002	0.0117
0.04	0.1597	0.0004	0.0171
0.05	0.1797	0.0006	0.0229
0.06	0.1996	0.0009	0.029
0.07	0.2196	0.0012	0.0353
0.08	0.2395	0.0017	0.0418
0.09	0.2595	0.0021	0.0484
0.1	0.7333	0.0027	0.0552
0.11	0.7532	0.0034	0.0729
0.12	0.7731	0.0044	0.1002
0.13	0.7929	0.0057	0.1253
0.14	0.8128	0.0072	0.1484
0.15	0.8325	0.0089	0.1695
0.16	0.8523	0.0108	0.1888
0.17	0.872	0.0128	0.2062
0.18	0.8917	0.015	0.222
0.19	0.9114	0.0174	0.2362
0.2	0.2056	0.0199	0.2488
0.21	0.2252	0.0223	0.2424
0.22	0.2447	0.0245	0.2194
0.23	0.2642	0.0265	0.1985
0.24	0.2837	0.0283	0.1796
0.25	0.3031	0.0299	0.1626
0.26	0.3224	0.0314	0.1473
0.27	0.3417	0.0327	0.1337
0.28	0.361	0.0339	0.1217
0.29	0.3802	0.035	0.1111
0.3	0.8784	0.0361	0.102
0.31	0.8975	0.0371	0.1057
0.32	0.9165	0.0383	0.1207
0.33	0.9355	0.0397	0.1346
0.34	0.9544	0.0411	0.1474
0.35	0.9732	0.0427	0.1592
0.36	0.992	0.0444	0.17
0.37	1.0106	0.0462	0.1799
0.38	1.0292	0.0481	0.1888
0.39	1.0478	0.0501	0.1969
0.4	0.8227	0.0521	0.2042
0.41	0.8411	0.0542	0.2048
0.42	0.8594	0.0562	0.1996
0.43	0.8776	0.0581	0.1947
0.44	0.8957	0.06	0.1903
0.45	0.9138	0.0619	0.1862
0.46	0.9318	0.0637	0.1825
0.47	0.9496	0.0655	0.1792
0.48	0.9674	0.0673	0.1762
0.49	0.9851	0.069	0.1734
0.5	0.8721	0.0707	0.1709
0.51	0.8896	0.0724	0.1656
0.52	0.907	0.074	0.1577
0.53	0.9243	0.0755	0.1507
0.54	0.9415	0.0769	0.1444
0.55	0.9586	0.0783	0.1389
0.56	0.9756	0.0796	0.134
0.57	0.9925	0.0809	0.1298
0.58	1.0093	0.0822	0.1262
0.59	1.026	0.0834	0.1231
0.6	0.9236	0.0846	0.1205
0.61	0.9401	0.0858	0.1155
0.62	0.9564	0.0869	0.1084
0.63	0.9726	0.0879	0.1023
0.64	0.9887	0.0889	0.097
0.65	1.0047	0.0898	0.0926
0.66	1.0206	0.0907	0.0888
0.67	1.0363	0.0915	0.0858
0.68	1.0519	0.0924	0.0834
0.69	1.0674	0.0932	0.0816
0.7	1.3193	0.094	0.0803
0.71	1.3345	0.0948	0.0851
0.72	1.3496	0.0958	0.0954
0.73	1.3646	0.0968	0.105
0.74	1.3794	0.098	0.1138
0.75	1.3941	0.0992	0.122
0.76	1.4087	0.1005	0.1295
0.77	1.4231	0.1019	0.1364
0.78	1.4374	0.1033	0.1427
0.79	1.4515	0.1048	0.1483
0.8	1.5638	0.1063	0.1534
0.81	1.5776	0.1079	0.1604
0.82	1.5913	0.1096	0.1688
0.83	1.6049	0.1114	0.1763
0.84	1.6183	0.1132	0.1829
0.85	1.6316	0.1151	0.1886
0.86	1.6447	0.117	0.1936
0.87	1.6577	0.119	0.1977
0.88	1.6705	0.121	0.2012
0.89	1.6832	0.123	0.2039
0.9	1.623	0.1251	0.2061
0.91	1.6354	0.1272	0.2059
0.92	1.6476	0.1292	0.2036
0.93	1.6596	0.1312	0.2011
0.94	1.6715	0.1332	0.1985
0.95	1.6832	0.1351	0.1958
0.96	1.6948	0.1371	0.1929
0.97	1.7061	0.139	0.19
0.98	1.7174	0.1408	0.187
0.99	1.7284	0.1427	0.1839
1	1.7972	0.1445	0.1807
1.01	1.808	0.1463	0.1789
1.02	1.8185	0.1481	0.1783
1.03	1.8289	0.1498	0.1774
1.04	1.8391	0.1516	0.1763
1.05	1.8491	0.1533	0.1749
1.06	1.859	0.1551	0.1732
1.07	1.8687	0.1568	0.1714
1.08	1.8782	0.1585	0.1694
1.09	1.8875	0.1602	0.1672
1.1	1.8935	0.1618	0.1649
1.11	1.9025	0.1634	0.1624
1.12	1.9113	0.165	0.1597
1.13	1.9199	0.1666	0.1569
1.14	1.9283	0.1681	0.1541
1.15	1.9366	0.1697	0.1512
1.16	1.9447	0.1711	0.1482
1.17	1.9526	0.1726	0.1452
1.18	1.9603	0.174	0.1422
1.19	1.9678	0.1754	0.1391
1.2	1.8331	0.1768	0.136
1.21	1.8402	0.1781	0.1295
1.22	1.8472	0.1793	0.12
1.23	1.854	0.1804	0.1112
1.24	1.8606	0.1814	0.103
1.25	1.867	0.1824	0.0954
1.26	1.8732	0.1832	0.0884
1.27	1.8792	0.1841	0.082
1.28	1.885	0.1848	0.076
1.29	1.8907	0.1855	0.0705
1.3	2.2074	0.1862	0.0655
1.31	2.2126	0.1869	0.0684
1.32	2.2177	0.1876	0.0783
1.33	2.2225	0.1885	0.0871
1.34	2.2272	0.1895	0.0948
1.35	2.2317	0.1905	0.1016
1.36	2.236	0.1916	0.1075
1.37	2.2401	0.1927	0.1125
1.38	2.244	0.1938	0.1167
1.39	2.2476	0.195	0.1201
1.4	1.8553	0.1963	0.1228
1.41	1.8586	0.1974	0.1153
1.42	1.8617	0.1984	0.0988
1.43	1.8646	0.1993	0.0836
1.44	1.8673	0.1999	0.0696
1.45	1.8698	0.2005	0.0566
1.46	1.8721	0.201	0.0448
1.47	1.8742	0.2013	0.034
1.48	1.8762	0.2015	0.0242
1.49	1.8779	0.2017	0.0153
1.5	1.5203	0.2018	0.0072
1.51	1.5216	0.2017	-0.0088
1.52	1.5228	0.2014	-0.0315
1.53	1.5237	0.2008	-0.0518
1.54	1.5244	0.2001	-0.07
1.55	1.5249	0.1993	-0.086
1.56	1.5252	0.1983	-0.1001
1.57	1.5253	0.1972	-0.1123
1.58	1.5253	0.1959	-0.1228
1.59	1.525	0.1946	-0.1318
1.6	1.6533	0.1932	-0.1393
1.61	1.6526	0.1918	-0.1423
1.62	1.6518	0.1904	-0.1414
1.63	1.6507	0.189	-0.1399
1.64	1.6494	0.1876	-0.138
1.65	1.6479	0.1863	-0.1357
1.66	1.6462	0.1849	-0.133
1.67	1.6443	0.1836	-0.13
1.68	1.6423	0.1824	-0.1267
1.69	1.64	0.1811	-0.1233
1.7	2.3886	0.1799	-0.1197
1.71	2.3859	0.1789	-0.0978
1.72	2.383	0.1783	-0.0602
1.73	2.38	0.1781	-0.0259
1.74	2.3767	0.1781	0.005
1.75	2.3732	0.1785	0.0329
1.76	2.3696	0.179	0.0577
1.77	2.3657	0.1798	0.0798
1.78	2.3616	0.1808	0.0992
1.79	2.3574	0.182	0.116
1.8	1.8516	0.1833	0.1306
1.81	1.847	0.1846	0.1307
1.82	1.8421	0.1858	0.1183
1.83	1.8371	0.1869	0.1063
1.84	1.8319	0.1878	0.0947
1.85	1.8265	0.1886	0.0835
1.86	1.8209	0.1894	0.0727
1.87	1.8151	0.19	0.0623
1.88	1.8091	0.1905	0.0524
1.89	1.8029	0.1909	0.0428
1.9	1.678	0.1913	0.0337
1.91	1.6714	0.1915	0.0221
1.92	1.6646	0.1916	0.0084
1.93	1.6577	0.1915	-0.0044
1.94	1.6506	0.1914	-0.0162
1.95	1.6433	0.1911	-0.0272
1.96	1.6358	0.1907	-0.0373
1.97	1.6281	0.1903	-0.0467
1.98	1.6202	0.1897	-0.0553
1.99	1.6122	0.1891	-0.0632
2	1.6311	0.1884	-0.0705
2.01	1.6227	0.1876	-0.0764
2.02	1.6141	0.1868	-0.0812
2.03	1.6053	0.1859	-0.0855
2.04	1.5963	0.185	-0.0895
2.05	1.5872	0.1841	-0.0931
2.06	1.5779	0.1831	-0.0963
2.07	1.5684	0.1822	-0.0992
2.08	1.5588	0.1811	-0.1018
2.09	1.5489	0.1801	-0.1041
2.1	1.5595	0.179	-0.1062
2.11	1.5494	0.178	-0.1076
2.12	1.539	0.1769	-0.1083
2.13	1.5285	0.1758	-0.1089
2.14	1.5178	0.1747	-0.1095
2.15	1.5069	0.1736	-0.11
2.16	1.4959	0.1725	-0.1104
2.17	1.4847	0.1714	-0.1108
2.18	1.4733	0.1703	-0.1111
2.19	1.4618	0.1692	-0.1115
2.2	1.509	0.168	-0.1118
2.21	1.4972	0.1669	-0.1107
2.22	1.4852	0.1658	-0.1084
2.23	1.473	0.1648	-0.1063
2.24	1.4607	0.1637	-0.1045
2.25	1.4482	0.1627	-0.103
2.26	1.4355	0.1617	-0.1017
2.27	1.4227	0.1607	-0.1006
2.28	1.4098	0.1597	-0.0998
2.29	1.3967	0.1587	-0.0992
2.3	1.3815	0.1577	-0.0988
2.31	1.3681	0.1567	-0.0987
2.32	1.3546	0.1557	-0.0988
2.33	1.3409	0.1547	-0.099
2.34	1.327	0.1537	-0.0994
2.35	1.313	0.1527	-0.1
2.36	1.2989	0.1517	-0.1007
2.37	1.2847	0.1507	-0.1015
2.38	1.2702	0.1497	-0.1024
2.39	1.2557	0.1487	-0.1035
2.4	1.3031	0.1476	-0.1046
2.41	1.2883	0.1466	-0.1044
2.42	1.2733	0.1455	-0.1029
2.43	1.2583	0.1445	-0.1018
2.44	1.2431	0.1435	-0.101
2.45	1.2277	0.1425	-0.1005
2.46	1.2122	0.1415	-0.1003
2.47	1.1967	0.1405	-0.1004
2.48	1.1809	0.1395	-0.1008
2.49	1.1651	0.1385	-0.1014
2.5	1.5303	0.1375	-0.1022
2.51	1.5143	0.1365	-0.094
2.52	1.4981	0.1357	-0.078
2.53	1.4817	0.1351	-0.0639
2.54	1.4653	0.1346	-0.0516
2.55	1.4488	0.1342	-0.041
2.56	1.4321	0.1339	-0.032
2.57	1.4153	0.1336	-0.0245
2.58	1.3985	0.1334	-0.0184
2.59	1.3815	0.1333	-0.0136
2.6	1.0475	0.1332	-0.01
2.61	1.0303	0.133	-0.0152
2.62	1.013	0.1328	-0.028
2.63	0.9956	0.1324	-0.0403
2.64	0.9781	0.1318	-0.0521
2.65	0.9605	0.1312	-0.0633
2.66	0.9428	0.1305	-0.074
2.67	0.9251	0.1296	-0.0842
2.68	0.9072	0.1287	-0.0939
2.69	0.8892	0.1277	-0.103
2.7	1.1408	0.1265	-0.1116
2.71	1.1226	0.1254	-0.1132
2.72	1.1044	0.1243	-0.1087
2.73	1.0861	0.1233	-0.105
2.74	1.0678	0.1222	-0.102
2.75	1.0493	0.1213	-0.0996
2.76	1.0308	0.1203	-0.0979
2.77	1.0122	0.1193	-0.0968
2.78	0.9935	0.1183	-0.0962
2.79	0.9748	0.1174	-0.0961
2.8	0.8421	0.1164	-0.0964
2.81	0.8233	0.1154	-0.0999
2.82	0.8043	0.1144	-0.1061
2.83	0.7853	0.1132	-0.1122
2.84	0.7662	0.1121	-0.118
2.85	0.7471	0.1108	-0.1236
2.86	0.7279	0.1095	-0.1291
2.87	0.7087	0.1082	-0.1342
2.88	0.6894	0.1068	-0.1392
2.89	0.6701	0.1054	-0.144
2.9	0.5536	0.1039	-0.1485
2.91	0.5341	0.1023	-0.1552
2.92	0.5146	0.1007	-0.1637
2.93	0.4951	0.099	-0.1715
2.94	0.4755	0.0972	-0.1787
2.95	0.4559	0.0953	-0.1853
2.96	0.4363	0.0934	-0.1914
2.97	0.4166	0.0914	-0.1968
2.98	0.3969	0.0894	-0.2018
2.99	0.3771	0.0874	-0.2063
3	0.1511	0.0853	-0.2102
3.01	0.1313	0.0831	-0.2188
3.02	0.1115	0.0808	-0.2312
3.03	0.0916	0.0783	-0.2424
3.04	0.0717	0.0758	-0.2522
3.05	0.0518	0.0732	-0.2608
3.06	0.0319	0.0705	-0.2684
3.07	0.012	0.0678	-0.2749
3.08	-0.008	0.065	-0.2804
3.09	-0.028	0.0621	-0.285
3.1	-0.0196	0.0592	-0.2888
3.11	-0.0396	0.0563	-0.2911
3.12	-0.0596	0.0534	-0.292
3.13	-0.0796	0.0505	-0.2925
3.14	-0.0996	0.0475	-0.2924
3.15	-0.1196	0.0446	-0.292
3.16	-0.1396	0.0417	-0.2911
3.17	-0.1596	0.0388	-0.2899
3.18	-0.1796	0.0359	-0.2884
3.19	-0.1996	0.0331	-0.2866
3.2	-0.1693	0.0302	-0.2845
3.21	-0.1893	0.0274	-0.2811
3.22	-0.2092	0.0247	-0.2764
3.23	-0.2291	0.0219	-0.2717
3.24	-0.2491	0.0193	-0.2672
3.25	-0.269	0.0166	-0.2628
3.26	-0.2888	0.014	-0.2585
3.27	-0.3087	0.0115	-0.2543
3.28	-0.3285	0.009	-0.2503
3.29	-0.3483	0.0065	-0.2464
3.3	-0.5972	0.0041	-0.2426
3.31	-0.6169	0.0017	-0.2445
3.32	-0.6366	-0.0008	-0.2514
3.33	-0.6563	-0.0034	-0.2574
3.34	-0.6759	-0.006	-0.2625
3.35	-0.6955	-0.0087	-0.2668
3.36	-0.715	-0.0114	-0.2703
3.37	-0.7345	-0.0141	-0.2732
3.38	-0.754	-0.0169	-0.2754
3.39	-0.7734	-0.0197	-0.277
3.4	-0.0312	-0.0225	-0.2781
3.41	-0.0505	-0.0251	-0.2603
3.42	-0.0698	-0.0273	-0.226
3.43	-0.089	-0.0293	-0.1948
3.44	-0.1081	-0.0309	-0.1666
3.45	-0.1272	-0.0323	-0.1412
3.46	-0.1462	-0.0335	-0.1184
3.47	-0.1652	-0.0345	-0.0982
3.48	-0.1841	-0.0353	-0.0803
3.49	-0.2029	-0.036	-0.0646
3.5	-0.4806	-0.0365	-0.051
3.51	-0.4993	-0.0369	-0.0456
3.52	-0.5179	-0.0374	-0.0475
3.53	-0.5364	-0.0379	-0.0498
3.54	-0.5549	-0.0384	-0.0526
3.55	-0.5733	-0.039	-0.0557
3.56	-0.5916	-0.0396	-0.0591
3.57	-0.6098	-0.0402	-0.0628
3.58	-0.628	-0.0409	-0.0667
3.59	-0.6461	-0.0416	-0.0708
3.6	-1.0366	-0.0423	-0.075
3.61	-1.0545	-0.0432	-0.0884
3.62	-1.0723	-0.0443	-0.1096
3.63	-1.09	-0.0456	-0.1291
3.64	-1.1076	-0.0471	-0.147
3.65	-1.1251	-0.0487	-0.1633
3.66	-1.1426	-0.0505	-0.1781
3.67	-1.1599	-0.0524	-0.1915
3.68	-1.1771	-0.0544	-0.2035
3.69	-1.1942	-0.0566	-0.2143
3.7	-1.2782	-0.0588	-0.2238
3.71	-1.2951	-0.0611	-0.2337
3.72	-1.3119	-0.0636	-0.244
3.73	-1.3286	-0.0661	-0.253
3.74	-1.3452	-0.0687	-0.2606
3.75	-1.3617	-0.0714	-0.2671
3.76	-1.378	-0.0741	-0.2725
3.77	-1.3943	-0.0769	-0.2769
3.78	-1.4104	-0.0797	-0.2803
3.79	-1.4264	-0.0825	-0.2828
3.8	-1.2576	-0.0854	-0.2845
3.81	-1.2734	-0.0882	-0.281
3.82	-1.289	-0.0909	-0.2729
3.83	-1.3045	-0.0936	-0.265
3.84	-1.3199	-0.0961	-0.2573
3.85	-1.3351	-0.0986	-0.2499
3.86	-1.3503	-0.101	-0.2427
3.87	-1.3653	-0.1034	-0.2358
3.88	-1.3801	-0.1057	-0.2291
3.89	-1.3948	-0.1079	-0.2227
3.9	-1.2069	-0.1101	-0.2165
3.91	-1.2213	-0.1121	-0.2057
3.92	-1.2356	-0.1141	-0.1909
3.93	-1.2498	-0.1158	-0.1772
3.94	-1.2638	-0.1175	-0.1647
3.95	-1.2777	-0.119	-0.1533
3.96	-1.2914	-0.1204	-0.1429
3.97	-1.305	-0.1218	-0.1334
3.98	-1.3185	-0.123	-0.1249
3.99	-1.3318	-0.1242	-0.1172
4	-1.5739	-0.1253	-0.1103
4.01	-1.5869	-0.1264	-0.1097
4.02	-1.5997	-0.1275	-0.1147
4.03	-1.6124	-0.1287	-0.1192
4.04	-1.625	-0.13	-0.1233
4.05	-1.6373	-0.1312	-0.1271
4.06	-1.6496	-0.1325	-0.1304
4.07	-1.6616	-0.1339	-0.1334
4.08	-1.6735	-0.1352	-0.1361
4.09	-1.6853	-0.1366	-0.1384
4.1	-1.9245	-0.138	-0.1404
4.11	-1.9359	-0.1395	-0.1476
4.12	-1.9471	-0.1411	-0.1593
4.13	-1.9582	-0.1428	-0.1697
4.14	-1.9691	-0.1446	-0.1787
4.15	-1.9799	-0.1464	-0.1866
4.16	-1.9904	-0.1484	-0.1934
4.17	-2.0009	-0.1504	-0.1991
4.18	-2.0111	-0.1524	-0.2038
4.19	-2.0212	-0.1545	-0.2076
4.2	-1.9472	-0.1566	-0.2105
4.21	-1.957	-0.1587	-0.2105
4.22	-1.9665	-0.1608	-0.2081
4.23	-1.9759	-0.1628	-0.2054
4.24	-1.9851	-0.1648	-0.2024
4.25	-1.9941	-0.1668	-0.1991
4.26	-2.0029	-0.1688	-0.1957
4.27	-2.0116	-0.1707	-0.192
4.28	-2.02	-0.1726	-0.1882
4.29	-2.0283	-0.1744	-0.1843
4.3	-1.8386	-0.1762	-0.1803
4.31	-1.8465	-0.178	-0.1714
4.32	-1.8543	-0.1795	-0.1582
4.33	-1.8618	-0.181	-0.146
4.34	-1.8692	-0.1823	-0.1346
4.35	-1.8764	-0.1836	-0.1239
4.36	-1.8834	-0.1847	-0.1141
4.37	-1.8902	-0.1858	-0.1049
4.38	-1.8968	-0.1867	-0.0965
4.39	-1.9032	-0.1876	-0.0887
4.4	-1.6432	-0.1884	-0.0816
4.41	-1.6493	-0.1891	-0.0685
4.42	-1.6551	-0.1896	-0.0505
4.43	-1.6608	-0.19	-0.0342
4.44	-1.6663	-0.1902	-0.0196
4.45	-1.6716	-0.1902	-0.0066
4.46	-1.6767	-0.1902	0.005
4.47	-1.6816	-0.19	0.0153
4.48	-1.6863	-0.1898	0.0242
4.49	-1.6908	-0.1895	0.032
4.5	-1.9661	-0.1891	0.0386
4.51	-1.9702	-0.1887	0.0377
4.52	-1.9742	-0.1884	0.0302
4.53	-1.9779	-0.1882	0.023
4.54	-1.9814	-0.188	0.0163
4.55	-1.9848	-0.1879	0.0099
4.56	-1.9879	-0.1879	0.0039
4.57	-1.9908	-0.1879	-0.0016
4.58	-1.9936	-0.188	-0.0068
4.59	-1.9961	-0.1881	-0.0116
4.6	-1.7812	-0.1882	-0.016
4.61	-1.7833	-0.1884	-0.0147
4.62	-1.7853	-0.1885	-0.0085
4.63	-1.787	-0.1885	-0.003
4.64	-1.7885	-0.1885	0.002
4.65	-1.7899	-0.1884	0.0064
4.66	-1.791	-0.1883	0.0102
4.67	-1.792	-0.1882	0.0136
4.68	-1.7927	-0.188	0.0166
4.69	-1.7933	-0.1878	0.0192
4.7	-2.1167	-0.1876	0.0214
4.71	-2.1168	-0.1875	0.0155
4.72	-2.1168	-0.1874	0.0025
4.73	-2.1165	-0.1875	-0.0093
4.74	-2.1161	-0.1877	-0.0199
4.75	-2.1154	-0.188	-0.0294
4.76	-2.1146	-0.1884	-0.0378
4.77	-2.1135	-0.1888	-0.0451
4.78	-2.1123	-0.1894	-0.0515
4.79	-2.1108	-0.1899	-0.057
4.8	-1.9982	-0.1905	-0.0617
4.81	-1.9964	-0.1912	-0.0628
4.82	-1.9943	-0.1918	-0.0609
4.83	-1.9921	-0.1924	-0.0587
4.84	-1.9897	-0.1929	-0.0564
4.85	-1.987	-0.1935	-0.0539
4.86	-1.9842	-0.194	-0.0512
4.87	-1.9811	-0.1945	-0.0485
4.88	-1.9779	-0.1949	-0.0456
4.89	-1.9745	-0.1953	-0.0426
4.9	-1.9338	-0.1957	-0.0396
4.91	-1.9299	-0.1961	-0.0355
4.92	-1.9259	-0.1964	-0.0307
4.93	-1.9217	-0.1967	-0.0259
4.94	-1.9173	-0.1969	-0.0213
4.95	-1.9127	-0.197	-0.0168
4.96	-1.9079	-0.1972	-0.0125
4.97	-1.9029	-0.1973	-0.0083
4.98	-1.8977	-0.1973	-0.0042
4.99	-1.8923	-0.1973	-0.0002
5	-2.2844	-0.1973	0.0037
5.01	-2.2786	-0.1973	-0.0022
5.02	-2.2726	-0.1974	-0.0165
5.03	-2.2665	-0.1977	-0.0291
5.04	-2.2602	-0.1981	-0.0401
5.05	-2.2536	-0.1986	-0.0495
5.06	-2.2469	-0.1992	-0.0575
5.07	-2.24	-0.1999	-0.0642
5.08	-2.2329	-0.2005	-0.0696
5.09	-2.2256	-0.2013	-0.0737
5.1	-2.3595	-0.2021	-0.0768
5.11	-2.3518	-0.2029	-0.0823
5.12	-2.344	-0.2038	-0.0899
5.13	-2.3359	-0.2047	-0.0959
5.14	-2.3277	-0.2057	-0.1005
5.15	-2.3194	-0.2068	-0.1038
5.16	-2.3108	-0.2078	-0.1059
5.17	-2.302	-0.2089	-0.1068
5.18	-2.2931	-0.21	-0.1068
5.19	-2.284	-0.211	-0.1058
5.2	-1.6775	-0.2121	-0.104
5.21	-1.6681	-0.2129	-0.087
5.22	-1.6584	-0.2135	-0.0568
5.23	-1.6486	-0.2138	-0.0287
5.24	-1.6387	-0.2138	-0.0027
5.25	-1.6285	-0.2136	0.0213
5.26	-1.6182	-0.2132	0.0434
5.27	-1.6077	-0.2125	0.0637
5.28	-1.597	-0.2117	0.0823
5.29	-1.5862	-0.2107	0.0992
5.3	-1.6988	-0.2096	0.1146
5.31	-1.6876	-0.2083	0.1254
5.32	-1.6763	-0.207	0.1323
5.33	-1.6648	-0.2056	0.1385
5.34	-1.6531	-0.2042	0.1439
5.35	-1.6413	-0.2027	0.1487
5.36	-1.6293	-0.2012	0.1529
5.37	-1.6172	-0.1996	0.1565
5.38	-1.6049	-0.198	0.1596
5.39	-1.5924	-0.1964	0.1623
5.4	-1.2846	-0.1947	0.1645
5.41	-1.2718	-0.193	0.1735
5.42	-1.2589	-0.1911	0.1883
5.43	-1.2458	-0.1891	0.2014
5.44	-1.2326	-0.187	0.2129
5.45	-1.2192	-0.1847	0.223
5.46	-1.2057	-0.1824	0.2316
5.47	-1.192	-0.18	0.239
5.48	-1.1782	-0.1776	0.2452
5.49	-1.1643	-0.1751	0.2503
5.5	-1.4255	-0.1725	0.2544
5.51	-1.4112	-0.17	0.2509
5.52	-1.3968	-0.1676	0.2408
5.53	-1.3823	-0.1653	0.2311
5.54	-1.3677	-0.1631	0.222
5.55	-1.3529	-0.161	0.2134
5.56	-1.3379	-0.1589	0.2053
5.57	-1.3229	-0.1569	0.1977
5.58	-1.3077	-0.155	0.1906
5.59	-1.2924	-0.1532	0.184
5.6	-1.3512	-0.1514	0.1779
5.61	-1.3357	-0.1497	0.1705
5.62	-1.32	-0.1481	0.1619
5.63	-1.3042	-0.1465	0.1542
5.64	-1.2882	-0.1451	0.1472
5.65	-1.2721	-0.1436	0.1409
5.66	-1.256	-0.1423	0.1353
5.67	-1.2397	-0.141	0.1304
5.68	-1.2233	-0.1397	0.1261
5.69	-1.2067	-0.1385	0.1224
5.7	-1.221	-0.1373	0.1192
5.71	-1.2042	-0.1362	0.1158
5.72	-1.1874	-0.135	0.1123
5.73	-1.1704	-0.1339	0.1094
5.74	-1.1533	-0.1329	0.107
5.75	-1.1362	-0.1318	0.1052
5.76	-1.1189	-0.1308	0.1038
5.77	-1.1015	-0.1298	0.1029
5.78	-1.0841	-0.1287	0.1025
5.79	-1.0665	-0.1277	0.1024
5.8	-0.7835	-0.1267	0.1027
5.81	-0.7657	-0.1256	0.1097
5.82	-0.7479	-0.1244	0.1226
5.83	-0.7299	-0.123	0.1345
5.84	-0.7119	-0.1216	0.1455
5.85	-0.6938	-0.12	0.1556
5.86	-0.6756	-0.1183	0.1649
5.87	-0.6573	-0.1166	0.1734
5.88	-0.639	-0.1148	0.1811
5.89	-0.6205	-0.1129	0.1881
5.9	-0.6356	-0.111	0.1944
5.91	-0.617	-0.109	0.1992
5.92	-0.5983	-0.107	0.2028
5.93	-0.5796	-0.1049	0.2059
5.94	-0.5608	-0.1028	0.2086
5.95	-0.5419	-0.1007	0.211
5.96	-0.523	-0.0986	0.2131
5.97	-0.504	-0.0964	0.2148
5.98	-0.485	-0.0943	0.2163
5.99	-0.4658	-0.0921	0.2175
6	-0.3665	-0.0899	0.2184
6.01	-0.3473	-0.0877	0.2211
6.02	-0.328	-0.0854	0.2252
6.03	-0.3087	-0.0832	0.2289
6.04	-0.2893	-0.0808	0.232
6.05	-0.2699	-0.0785	0.2346
6.06	-0.2504	-0.0761	0.2368
6.07	-0.2309	-0.0737	0.2385
6.08	-0.2113	-0.0713	0.2399
6.09	-0.1917	-0.0689	0.241
6.1	0.0734	-0.0665	0.2417
6.11	0.0931	-0.064	0.2481
6.12	0.1128	-0.0614	0.2594
6.13	0.1326	-0.0587	0.2693
6.14	0.1524	-0.056	0.2779
6.15	0.1722	-0.0531	0.2853
6.16	0.192	-0.0502	0.2916
6.17	0.2119	-0.0472	0.2969
6.18	0.2317	-0.0442	0.3012
6.19	0.2516	-0.0412	0.3046
6.2	-0.0298	-0.0381	0.3072
6.21	-0.0099	-0.0351	0.3017
6.22	0.0101	-0.0322	0.2892
6.23	0.03	-0.0294	0.2775
6.24	0.05	-0.0267	0.2665
6.25	0.07	-0.0242	0.2562
6.26	0.09	-0.0217	0.2467
6.27	0.11	-0.0193	0.2378
6.28	0.13	-0.017	0.2296
6.29	0.15	-0.0148	0.2221
6.3	-0.3491	-0.0127	0.2151
6.31	-0.3291	-0.0107	0.1962
6.32	-0.3091	-0.009	0.167
6.33	-0.2891	-0.0076	0.1407
6.34	-0.2691	-0.0065	0.1172
6.35	-0.2492	-0.0055	0.0963
6.36	-0.2292	-0.0047	0.0779
6.37	-0.2093	-0.0041	0.0619
6.38	-0.1894	-0.0036	0.048
6.39	-0.1695	-0.0033	0.0361
6.4	0.263	-0.003	0.0262
6.41	0.2828	-0.0027	0.028
6.42	0.3027	-0.0023	0.0401
6.43	0.3225	-0.0018	0.0518
6.44	0.3422	-0.0012	0.063
6.45	0.362	-0.0004	0.0739
6.46	0.3817	0.0004	0.0843
6.47	0.4014	0.0014	0.0942
6.48	0.421	0.0024	0.1037
6.49	0.4406	0.0035	0.1127
6.5	0.7657	0.0047	0.1213
6.51	0.7852	0.0061	0.1368
6.52	0.8047	0.0077	0.1582
6.53	0.8241	0.0095	0.1778
6.54	0.8435	0.0114	0.1956
6.55	0.8628	0.0135	0.2116
6.56	0.882	0.0158	0.2261
6.57	0.9012	0.0182	0.239
6.58	0.9204	0.0207	0.2505
6.59	0.9395	0.0233	0.2606
6.6	0.4002	0.026	0.2694
6.61	0.4192	0.0286	0.2635
6.62	0.4381	0.0311	0.2448
6.63	0.4569	0.0334	0.2275
6.64	0.4757	0.0355	0.2118
6.65	0.4944	0.0374	0.1974
6.66	0.5131	0.0393	0.1843
6.67	0.5316	0.041	0.1725
6.68	0.5501	0.0426	0.1619
6.69	0.5685	0.0442	0.1524
6.7	0.8043	0.0456	0.1439
6.71	0.8225	0.047	0.1417
6.72	0.8407	0.0485	0.145
6.73	0.8588	0.0499	0.1481
6.74	0.8768	0.0515	0.1511
6.75	0.8947	0.053	0.154
6.76	0.9125	0.0546	0.1567
6.77	0.9302	0.0562	0.1592
6.78	0.9478	0.0578	0.1616
6.79	0.9654	0.0594	0.1639
6.8	0.6532	0.0611	0.1659
6.81	0.6705	0.0627	0.1599
6.82	0.6878	0.0641	0.1468
6.83	0.7049	0.0655	0.135
6.84	0.7219	0.0667	0.1245
6.85	0.7389	0.0679	0.1153
6.86	0.7557	0.069	0.1072
6.87	0.7724	0.07	0.1001
6.88	0.789	0.0709	0.0941
6.89	0.8055	0.0718	0.0889
6.9	1.2408	0.0726	0.0847
6.91	1.2571	0.0735	0.0913
6.92	1.2732	0.0746	0.1074
6.93	1.2892	0.0758	0.1223
6.94	1.3051	0.0772	0.1359
6.95	1.3209	0.0787	0.1483
6.96	1.3366	0.0803	0.1596
6.97	1.3521	0.082	0.1698
6.98	1.3675	0.0838	0.179
6.99	1.3828	0.0856	0.1872
7	1.2062	0.0876	0.1944
7.01	1.2212	0.0895	0.1961
7.02	1.2361	0.0915	0.1929
7.03	1.2508	0.0934	0.1899
7.04	1.2655	0.0952	0.1869
7.05	1.2799	0.0971	0.184
7.06	1.2943	0.0989	0.1812
7.07	1.3085	0.1007	0.1785
7.08	1.3225	0.1024	0.1759
7.09	1.3364	0.1042	0.1733
7.1	1.1098	0.1059	0.1708
7.11	1.1235	0.1075	0.1626
7.12	1.1369	0.109	0.1495
7.13	1.1503	0.1104	0.1375
7.14	1.1634	0.1116	0.1266
7.15	1.1764	0.1128	0.1168
7.16	1.1893	0.1139	0.108
7.17	1.202	0.1149	0.1001
7.18	1.2146	0.1158	0.0931
7.19	1.227	0.1167	0.087
7.2	1.7125	0.1175	0.0815
7.21	1.7246	0.1184	0.0883
7.22	1.7366	0.1194	0.1056
7.23	1.7483	0.1207	0.1214
7.24	1.7599	0.122	0.1356
7.25	1.7714	0.1235	0.1484
7.26	1.7826	0.1251	0.1598
7.27	1.7938	0.1268	0.1698
7.28	1.8047	0.1286	0.1787
7.29	1.8155	0.1304	0.1864
7.3	2.177	0.1324	0.1929
7.31	2.1875	0.1344	0.207
7.32	2.1978	0.1367	0.2274
7.33	2.2078	0.1392	0.2452
7.34	2.2178	0.1418	0.2607
7.35	2.2275	0.1445	0.274
7.36	2.2371	0.1474	0.2851
7.37	2.2465	0.1503	0.2943
7.38	2.2557	0.1533	0.3017
7.39	2.2647	0.1564	0.3073
7.4	1.9415	0.1595	0.3114
7.41	1.9501	0.1626	0.306
7.42	1.9586	0.1655	0.2923
7.43	1.967	0.1683	0.2789
7.44	1.9751	0.1709	0.2659
7.45	1.983	0.1735	0.2533
7.46	1.9908	0.1759	0.241
7.47	1.9984	0.1782	0.2291
7.48	2.0058	0.1804	0.2176
7.49	2.013	0.1824	0.2065
7.5	1.8368	0.1844	0.1958
7.51	1.8437	0.1862	0.1811
7.52	1.8503	0.1878	0.163
7.53	1.8568	0.1893	0.1462
7.54	1.8631	0.1906	0.1306
7.55	1.8691	0.1917	0.1161
7.56	1.875	0.1928	0.1028
7.57	1.8807	0.1937	0.0905
7.58	1.8862	0.1945	0.0792
7.59	1.8916	0.1952	0.0689
7.6	2.6272	0.1958	0.0595
7.61	2.6321	0.1964	0.0686
7.62	2.6369	0.1974	0.0938
7.63	2.6414	0.1985	0.1164
7.64	2.6458	0.1999	0.1366
7.65	2.6499	0.2015	0.1543
7.66	2.6539	0.2032	0.1699
7.67	2.6576	0.205	0.1833
7.68	2.6612	0.2069	0.1948
7.69	2.6645	0.209	0.2044
7.7	1.8267	0.2111	0.2123
7.71	1.8297	0.2131	0.1982
7.72	1.8325	0.2147	0.165
7.73	1.835	0.2161	0.1344
7.74	1.8374	0.2171	0.1061
7.75	1.8396	0.2179	0.0801
7.76	1.8416	0.2185	0.0563
7.77	1.8433	0.2188	0.0346
7.78	1.8449	0.219	0.0149
7.79	1.8463	0.219	-0.0029
7.8	2.2459	0.2188	-0.019
7.81	2.2469	0.2185	-0.0237
7.82	2.2477	0.2184	-0.0185
7.83	2.2483	0.2182	-0.0137
7.84	2.2486	0.2181	-0.0093
7.85	2.2488	0.2181	-0.0052
7.86	2.2488	0.2181	-0.0014
7.87	2.2486	0.2181	0.0019
7.88	2.2482	0.2181	0.005
7.89	2.2475	0.2182	0.0077
7.9	2.1691	0.2183	0.0101
7.91	2.1681	0.2184	0.0103
7.92	2.1669	0.2185	0.0085
7.93	2.1654	0.2186	0.0069
7.94	2.1638	0.2186	0.0052
7.95	2.162	0.2186	0.0037
7.96	2.16	0.2187	0.0022
7.97	2.1578	0.2187	0.0007
7.98	2.1554	0.2187	-0.0008
7.99	2.1527	0.2186	-0.0022
8	2.148	0.2186	-0.0036
8.01	2.145	0.2186	-0.005
8.02	2.1418	0.2185	-0.0065
8.03	2.1384	0.2184	-0.0079
8.04	2.1348	0.2183	-0.0093
8.05	2.131	0.2182	-0.0107
8.06	2.127	0.2181	-0.0122
8.07	2.1228	0.218	-0.0136
8.08	2.1185	0.2178	-0.015
8.09	2.1139	0.2176	-0.0164
8.1	1.9573	0.2175	-0.0178
8.11	1.9523	0.2172	-0.0229
8.12	1.9472	0.2169	-0.0312
8.13	1.9418	0.2165	-0.0388
8.14	1.9363	0.2161	-0.0457
8.15	1.9305	0.2156	-0.0521
8.16	1.9246	0.215	-0.0578
8.17	1.9185	0.2144	-0.063
8.18	1.9122	0.2137	-0.0677
8.19	1.9057	0.213	-0.072
8.2	1.5783	0.2122	-0.0758
8.21	1.5714	0.2113	-0.0869
8.22	1.5644	0.2103	-0.1044
8.23	1.5571	0.2091	-0.1201
8.24	1.5497	0.2077	-0.1341
8.25	1.5421	0.2063	-0.1464
8.26	1.5343	0.2047	-0.1572
8.27	1.5263	0.203	-0.1667
8.28	1.5181	0.2013	-0.1748
8.29	1.5097	0.1995	-0.1817
8.3	1.9555	0.1976	-0.1875
8.31	1.9468	0.1958	-0.1812
8.32	1.9379	0.1941	-0.1645
8.33	1.9288	0.1927	-0.149
8.34	1.9196	0.1913	-0.1348
8.35	1.9101	0.1901	-0.1216
8.36	1.9005	0.189	-0.1096
8.37	1.8907	0.188	-0.0987
8.38	1.8808	0.1871	-0.0888
8.39	1.8707	0.1863	-0.0799
8.4	1.7606	0.1856	-0.0719
8.41	1.7502	0.1849	-0.0673
8.42	1.7395	0.1843	-0.0656
8.43	1.7287	0.1836	-0.0643
8.44	1.7177	0.183	-0.0633
8.45	1.7066	0.1824	-0.0626
8.46	1.6953	0.1817	-0.0622
8.47	1.6838	0.1811	-0.0621
8.48	1.6722	0.1805	-0.0623
8.49	1.6604	0.1799	-0.0627
8.5	1.2825	0.1792	-0.0633
8.51	1.2703	0.1785	-0.073
8.52	1.2581	0.1776	-0.0905
8.53	1.2456	0.1765	-0.1065
8.54	1.233	0.1753	-0.1211
8.55	1.2203	0.174	-0.1344
8.56	1.2074	0.1725	-0.1463
8.57	1.1943	0.171	-0.157
8.58	1.1811	0.1693	-0.1666
8.59	1.1678	0.1675	-0.1751
8.6	2.0983	0.1657	-0.1826
8.61	2.0847	0.164	-0.1663
8.62	2.0709	0.1628	-0.1293
8.63	2.0569	0.1618	-0.096
8.64	2.0428	0.1611	-0.0659
8.65	2.0286	0.1607	-0.0392
8.66	2.0143	0.1606	-0.0154
8.67	1.9998	0.1606	0.0055
8.68	1.9851	0.1609	0.0237
8.69	1.9704	0.1613	0.0393
8.7	1.6803	0.1618	0.0526
8.71	1.6652	0.1624	0.0569
8.72	1.6501	0.1629	0.0535
8.73	1.6348	0.1634	0.0494
8.74	1.6193	0.1638	0.0447
8.75	1.6038	0.1642	0.0396
8.76	1.5881	0.1646	0.0339
8.77	1.5723	0.1649	0.028
8.78	1.5564	0.1651	0.0217
8.79	1.5403	0.1652	0.0151
8.8	1.1826	0.1653	0.0083
8.81	1.1663	0.1652	-0.0069
8.82	1.1499	0.165	-0.0293
8.83	1.1334	0.1644	-0.0503
8.84	1.1168	0.1637	-0.0698
8.85	1.1001	0.1629	-0.088
8.86	1.0832	0.1618	-0.1047
8.87	1.0663	0.1606	-0.1202
8.88	1.0492	0.1593	-0.1345
8.89	1.0321	0.1578	-0.1475
8.9	0.7504	0.1562	-0.1595
8.91	0.733	0.1544	-0.1767
8.92	0.7155	0.1525	-0.1985
8.93	0.698	0.1503	-0.2181
8.94	0.6803	0.1479	-0.2356
8.95	0.6626	0.1454	-0.2512
8.96	0.6448	0.1428	-0.2649
8.97	0.6268	0.14	-0.277
8.98	0.6088	0.1371	-0.2874
8.99	0.5907	0.1341	-0.2963
9	0.6898	0.1311	-0.3038
9.01	0.6715	0.128	-0.3072
9.02	0.6532	0.125	-0.3069
9.03	0.6348	0.1219	-0.3061
9.04	0.6163	0.1189	-0.3048
9.05	0.5977	0.1158	-0.303
9.06	0.579	0.1128	-0.3008
9.07	0.5603	0.1098	-0.2983
9.08	0.5415	0.1069	-0.2955
9.09	0.5227	0.104	-0.2925
9.1	0.574	0.1011	-0.2893
9.11	0.555	0.0982	-0.2842
9.12	0.5359	0.0954	-0.2774
9.13	0.5168	0.0927	-0.271
9.14	0.4977	0.0901	-0.2647
9.15	0.4785	0.0875	-0.2587
9.16	0.4592	0.085	-0.253
9.17	0.4398	0.0825	-0.2475
9.18	0.4205	0.0801	-0.2422
9.19	0.401	0.0777	-0.2373
9.2	0.4481	0.0754	-0.2326
9.21	0.4286	0.0731	-0.2266
9.22	0.409	0.0709	-0.2194
9.23	0.3894	0.0688	-0.2128
9.24	0.3698	0.0667	-0.2068
9.25	0.3501	0.0647	-0.2012
9.26	0.3304	0.0627	-0.1962
9.27	0.3106	0.0608	-0.1917
9.28	0.2909	0.059	-0.1876
9.29	0.2711	0.0571	-0.184
9.3	0.0618	0.0553	-0.1808
9.31	0.0419	0.0535	-0.1825
9.32	0.022	0.0516	-0.1886
9.33	0.0021	0.0497	-0.1941
9.34	-0.0178	0.0477	-0.1992
9.35	-0.0377	0.0456	-0.2038
9.36	-0.0577	0.0435	-0.2079
9.37	-0.0776	0.0414	-0.2116
9.38	-0.0976	0.0393	-0.2148
9.39	-0.1176	0.0371	-0.2177
9.4	-0.1445	0.0349	-0.2203
9.41	-0.1645	0.0327	-0.2226
9.42	-0.1845	0.0304	-0.2248
9.43	-0.2045	0.0282	-0.2267
9.44	-0.2245	0.0259	-0.2282
9.45	-0.2445	0.0236	-0.2295
9.46	-0.2645	0.0213	-0.2305
9.47	-0.2845	0.019	-0.2313
9.48	-0.3044	0.0167	-0.2318
9.49	-0.3244	0.0143	-0.2322
9.5	-0.2593	0.012	-0.2323
9.51	-0.2793	0.0097	-0.2303
9.52	-0.2992	0.0074	-0.2263
9.53	-0.3191	0.0052	-0.2225
9.54	-0.339	0.003	-0.219
9.55	-0.3588	0.0009	-0.2157
9.56	-0.3787	-0.0013	-0.2127
9.57	-0.3985	-0.0034	-0.2099
9.58	-0.4182	-0.0054	-0.2073
9.59	-0.438	-0.0075	-0.2048
9.6	-0.5447	-0.0095	-0.2026
9.61	-0.5644	-0.0115	-0.2027
9.62	-0.584	-0.0136	-0.2048
9.63	-0.6036	-0.0156	-0.2066
9.64	-0.6232	-0.0177	-0.2082
9.65	-0.6427	-0.0198	-0.2096
9.66	-0.6622	-0.0219	-0.2108
9.67	-0.6816	-0.0241	-0.2118
9.68	-0.701	-0.0262	-0.2127
9.69	-0.7203	-0.0283	-0.2133
9.7	-0.2784	-0.0304	-0.2138
9.71	-0.2976	-0.0325	-0.203
9.72	-0.3168	-0.0343	-0.1824
9.73	-0.3359	-0.0359	-0.1638
9.74	-0.3549	-0.0374	-0.1471
9.75	-0.3739	-0.0387	-0.1322
9.76	-0.3928	-0.0399	-0.119
9.77	-0.4117	-0.041	-0.1074
9.78	-0.4305	-0.042	-0.0972
9.79	-0.4492	-0.0429	-0.0885
9.8	-0.9315	-0.0437	-0.0811
9.81	-0.95	-0.0445	-0.0861
9.82	-0.9685	-0.0455	-0.1019
9.83	-0.987	-0.0467	-0.1166
9.84	-1.0053	-0.048	-0.1302
9.85	-1.0236	-0.0494	-0.1428
9.86	-1.0417	-0.051	-0.1544
9.87	-1.0598	-0.0526	-0.165
9.88	-1.0778	-0.0544	-0.1747
9.89	-1.0958	-0.0562	-0.1835
9.9	-0.77	-0.0581	-0.1914
9.91	-0.7877	-0.06	-0.1902
9.92	-0.8053	-0.0618	-0.181
9.93	-0.8229	-0.0636	-0.1727
9.94	-0.8403	-0.0652	-0.1652
9.95	-0.8577	-0.0668	-0.1584
9.96	-0.8749	-0.0683	-0.1523
9.97	-0.8921	-0.0698	-0.147
9.98	-0.9091	-0.0712	-0.1422
9.99	-0.9261	-0.0726	-0.1381
10	-0.6011	-0.0739	-0.1344
